<!-- Created using vQmod XML Generator by UKSB - http://www.opencart-extensions.co.uk //-->
<modification>
	<id><![CDATA[Batch product to category]]></id>
	<version><![CDATA[1.0]]></version>
	<vqmver><![CDATA[]]></vqmver>
	<author><![CDATA[vilija]]></author>
	<file name="admin/view/template/catalog/product_list.tpl">
		<operation>
			<search position="after" error="log"><![CDATA[<form action="<?php echo $delete; ?>" method="post" enctype="multipart/form-data" id="form">]]></search>
			<add><![CDATA[<table class="list1"><tbody>
<tr><td align="right" width="80%">
	<select name="bulk_category" style="width: 25em;" >
              <option value="*"></option>
              <?php foreach ($categories as $category) { ?>
                <?php if ($category['category_id']==$filter_category) { ?>
                  <option value="<?php echo $category['category_id']; ?>" selected="selected"><?php echo $category['name']; ?></option>
                <?php } else { ?>
                  <option value="<?php echo $category['category_id']; ?>"><?php echo $category['name']; ?></option> 
                <?php } ?>
              <?php } ?>

                              </select> <input type="checkbox" value="1" id="remove_cats" name="remove_cats"> <label for="remove_cats">Удалить существующие категории</label></td>
                <td align="right">
                    <div class="buttons"><a class="button" onclick="$('#form').attr('action', '<?php echo $bulk_cat; ?>'); $('#form').submit();"><span> перемещение товаров</span></a></div>
                </td></tr>
</tbody></table>]]></add>
		</operation>
		<operation>
			<search position="before" error="log"><![CDATA[<div id="content">]]></search>
			<add><![CDATA[
<style type="text/css">
.list1 {
	border-collapse: collapse;
	width: 100%;
	background-color: #F4F4F8;
	border: 1px solid #DDDDDD;
	margin-bottom: 20px;
}
</style>

			]]></add>
		</operation>
	</file>

	<file name="admin/controller/catalog/product.php">
		<operation>
			<search position="before" error="log"><![CDATA[function insert()]]></search>
			<add><![CDATA[	public function bulkcat() { // Групповое перемещение товаров

    	$this->load->language('catalog/product');

    	$this->document->setTitle($this->language->get('heading_title'));
		
		$this->load->model('catalog/product');


	            if (!isset($this->request->post['bulk_category'])) {
		      $bulk_category =  0;
		    } else {
		      $bulk_category = $this->request->post['bulk_category'] ;
		    }

	            if (!isset($this->request->post['remove_cats'])) {
		      $remove_cats =  0;
		    } else {
		      $remove_cats = $this->request->post['remove_cats'] ;
		    }
	
		if (isset($this->request->post['selected']) && $this->validateDelete()) {

			foreach ($this->request->post['selected'] as $product_id) {
				$this->model_catalog_product->changeCategory($product_id,$bulk_category,$remove_cats); 

	  		}
			
			$this->session->data['success'] = $this->language->get('text_success');
			
			$url = '';
			
			if (isset($this->request->get['filter_name'])) {
				$url .= '&filter_name=' . $this->request->get['filter_name'];
			}

// Add filter attribute
			if (isset($this->request->get['filter_attr'])) {
				$url .= '&filter_attr=' . $this->request->get['filter_attr'];
			}
// End
		
			if (isset($this->request->get['filter_model'])) {
				$url .= '&filter_model=' . $this->request->get['filter_model'];
			}
			
			if (isset($this->request->get['filter_price'])) {
				$url .= '&filter_price=' . $this->request->get['filter_price'];
			}

			//filter category start//
			if (isset($this->request->get['filter_category'])) {
                $url .= '&filter_category=' . $this->request->get['filter_category'];
            }
			//filter category end//
			
			if (isset($this->request->get['filter_quantity'])) {
				$url .= '&filter_quantity=' . $this->request->get['filter_quantity'];
			}	
		
			if (isset($this->request->get['filter_status'])) {
				$url .= '&filter_status=' . $this->request->get['filter_status'];
			}
					
			if (isset($this->request->get['sort'])) {
				$url .= '&sort=' . $this->request->get['sort'];
			}

			if (isset($this->request->get['order'])) {
				$url .= '&order=' . $this->request->get['order'];
			}

			if (isset($this->request->get['page'])) {
				$url .= '&page=' . $this->request->get['page'];
			}
			
			$this->redirect($this->url->link('catalog/product', 'token=' . $this->session->data['token'] . $url, 'SSL'));
		}

    	$this->getForm();

	}]]></add>
		</operation>
		<operation>
			<search position="after" error="log"><![CDATA[$this->data['delete'] = $this->url->link('catalog/product/delete', 'token=' . $this->session->data['token'] . $url, 'SSL');]]></search>
			<add><![CDATA[		$this->data['bulk_cat'] = $this->url->link('catalog/product/bulkcat', 'token=' . $this->session->data['token'] . $url, 'SSL'); //! Для группового перемещения товаров.]]></add>
		</operation>


	</file>
	<file name="admin/model/catalog/product.php">
		<operation>
			<search position="before" error="log"><![CDATA[public function getTotalProductsByLayoutId]]></search>
			<add><![CDATA[	public function changeCategory($product_id,$main_category_id,$remove_cats) { //! Изменение категории продукта ( для массового изменения )
		if (isset($main_category_id) && $main_category_id > 0) {
		    if ( $remove_cats == 0 ) {
			$this->db->query("DELETE FROM " . DB_PREFIX . "product_to_category WHERE product_id = '" . (int)$product_id . "' AND category_id = '" . (int)$main_category_id . "'");
		    } else {
			$this->db->query("DELETE FROM " . DB_PREFIX . "product_to_category WHERE product_id = '" . (int)$product_id . "'");
		    }
			$this->db->query("INSERT INTO " . DB_PREFIX . "product_to_category SET product_id = '" . (int)$product_id . "', category_id = '" . (int)$main_category_id . "', main_category = 1");
		} elseif (isset($data['product_category'])) {
			$this->db->query("UPDATE " . DB_PREFIX . "product_to_category SET main_category = 1 WHERE product_id = '" . (int)$product_id . "' AND category_id = '" . (int)$data['product_category'][0] . "'");
		}
	}		]]></add>
		</operation>
	</file>
</modification>
