<?xml version="1.0" encoding="utf-8"?>
<modification>
<name>WebP with GD OC2.1</name>
<code>webp-gd</code>
<version>1.0</version>
<author>agatha65</author>
<link>https://agatha65.com</link>
  
	<file path="catalog/model/tool/image.php">
		<operation>
			<search><![CDATA[$new_image = 'cache/']]></search>
			<add position="after"><![CDATA[$new_image_webp = 'cachewebp/' . utf8_substr($filename, 0, utf8_strrpos($filename, '.')) . '-' . (int)$width . 'x' . (int)$height . '.webp';]]></add>
		</operation>
		<operation>
			<search><![CDATA[if ($this->request->server['HTTPS']) {]]></search>
			<add position="before" ><![CDATA[
			$gd = gd_info();
			if ($gd['WebP Support']) {
				if (!is_file(DIR_IMAGE . $new_image_webp) || (filectime(DIR_IMAGE . $new_image) > filectime(DIR_IMAGE . $new_image_webp))) {
										
					$path = '';

					$directories = explode('/', dirname($new_image_webp));

					foreach ($directories as $directory) {
						$path = $path . '/' . $directory;

						if (!is_dir(DIR_IMAGE . $path)) {
							@mkdir(DIR_IMAGE . $path, 0777);
						}
					}
					
					$image_webp = new Image(DIR_IMAGE . $old_image);
					$image_webp->resize($width, $height);
					$image_webp->save_webp(DIR_IMAGE . $new_image_webp);
				}
			}
			]]></add>
		</operation>
	</file>
	<file path="system/library/image.php">
		<operation>
			<search><![CDATA[public function save($file, $quality = 90) {]]></search>
			<add position="before"><![CDATA[
			public function save_webp($file, $quality = 90) {
				if (is_resource($this->image)) {
					imagewebp($this->image, $file, $quality);
					imagedestroy($this->image);
				}
			}
			]]></add>
		</operation>
	</file>
	<file path="system/library/response.php">
		<operation>
			<search><![CDATA[private function compress($data, $level = 0)]]></search>
			<add position="before" ><![CDATA[ 	
			public function webpRebuild($output) {
				$gd = gd_info();
				if ($gd['WebP Support']) {
					$uri = '';

					if (isset($_SERVER['REQUEST_URI'])) {
						$uri = $_SERVER['REQUEST_URI'];
					}
					
					if (stripos($uri, 'admin') === false) {
						if (isset($_SERVER['HTTP_ACCEPT']) && isset($_SERVER['HTTP_USER_AGENT'])) {
							if( strpos( $_SERVER['HTTP_ACCEPT'], 'image/webp' ) !== false ) {	
								$re = '/(cache)(.*)(\.jpg|\.png|.jpeg)/U';
								$subst = '$1webp$2.webp';
								$this->output = preg_replace($re, $subst, $this->output);
							}
						}
					}
				}
			}
			]]></add>
		</operation>
		<operation>
			<search><![CDATA[$output = $this]]></search>
			<add position="before" ><![CDATA[ $this->webpRebuild($this->output); ]]></add>
		</operation>
	</file>
</modification>