<?xml version="1.0" encoding="UTF-8"?>
<modification>
    <name>quantity_increment_decrement</name>
    <code>quantity_increment_decrement</code>
    <version>1.0</version>
    <link>http://www.letscms.com</link>
    <author>letscms.com</author>

    <file path="catalog/view/theme/default/template/common/header.twig">
        <operation error="skip" info="">
            <search><![CDATA[</head>]]></search>
            <add position="before"><![CDATA[<script src="catalog/view/javascript/quantityincrementdecrement.js" type="text/javascript"></script>]]></add>
        </operation>
    </file>


<!-- featured modudle -->
    <file path="catalog/controller/extension/module/featured.php">
        <operation>
            <search><![CDATA[
            $data['products'] = array();
            ]]></search>
            <add position="before"><![CDATA[
              $data['quantityincrementdecrement_featured_status']=$this->config->get('module_quantityincrementdecrement_featured_status');
              $data['quantityincrementdecrement_status']=$this->config->get('module_quantityincrementdecrement_status');
              ]]></add>
        </operation>
    </file>

    <file path="catalog/view/theme/default/template/extension/module/featured.twig">
        <operation>
            <search index="4"><![CDATA[
            {% endif %}
            ]]></search>
            <add position="after"><![CDATA[
              {% if quantityincrementdecrement_featured_status and quantityincrementdecrement_status %}
              <div class="input-group" style="margin-bottom:10px;">
                <span class="input-group-btn">
                  <button type="button" class="btn btn-default btn-number" data-type="minus" data-field="category" onclick="descrement($(this).parent().parent())")>
                    <span class="glyphicon glyphicon-minus"></span>
                    </button>
                 </span>
                 <input type="text" name="quantity" class="form-control input-number" id="category" value="1">
                <span class="input-group-btn">
                  <button type="button" class="btn btn-default btn-number" data-type="plus" data-field="category" onclick="increment($(this).parent().parent())">
                    <span class="glyphicon glyphicon-plus"></span>
                  </button>
                </span>
              </div>
              {% endif %}
              ]]></add>
        </operation>
        <operation>
            <search><![CDATA[
            <button type="button" onclick="cart.add('{{ product.product_id }}');"><i class="fa fa-shopping-cart"></i> <span class="hidden-xs hidden-sm hidden-md">{{ button_cart }}</span></button>
            ]]></search>
            <add position="replace"><![CDATA[
              {% if (quantityincrementdecrement_featured_status and quantityincrementdecrement_status)%}
              <button type="button" onclick="cart.add('{{ product.product_id }}', $(this).parent().parent().find('.input-number').val());"><i class="fa fa-shopping-cart"></i> <span class="hidden-xs hidden-sm hidden-md">{{button_cart}}</span></button>
              {% else %}
              <button type="button" onclick="cart.add('{{ product.product_id }}');"><i class="fa fa-shopping-cart"></i> <span class="hidden-xs hidden-sm hidden-md">{{button_cart}}</span></button>
              {% endif %}
              ]]></add>
        </operation>
    </file>
    <!-- featured modudle -->
    <!-- letest modudle -->
    <file path="catalog/controller/extension/module/latest.php">
        <operation>
            <search><![CDATA[
            $data['products'] = array();
            ]]></search>
            <add position="before"><![CDATA[
              $data['quantityincrementdecrement_latest_status']=$this->config->get('module_quantityincrementdecrement_latest_status');
              $data['quantityincrementdecrement_status']=$this->config->get('module_quantityincrementdecrement_status');
              ]]></add>
        </operation>
    </file>

    <file path="catalog/view/theme/default/template/extension/module/latest.twig">
        <operation>
            <search><![CDATA[
           {% endif %} </div>
            ]]></search>
            <add position="before"><![CDATA[
              {% if quantityincrementdecrement_latest_status and quantityincrementdecrement_status %}
              <div class="input-group" style="margin-bottom:10px;">
                <span class="input-group-btn">
                  <button type="button" class="btn btn-default btn-number" data-type="minus" data-field="category" onclick="descrement($(this).parent().parent())")>
                    <span class="glyphicon glyphicon-minus"></span>
                    </button>
                 </span>
                 <input type="text" name="quantity" class="form-control input-number" id="category" value="1">
                <span class="input-group-btn">
                  <button type="button" class="btn btn-default btn-number" data-type="plus" data-field="category" onclick="increment($(this).parent().parent())">
                    <span class="glyphicon glyphicon-plus"></span>
                  </button>
                </span>
              </div>
              {% endif %}
              ]]></add>
        </operation>
        <operation>
            <search><![CDATA[
            <button type="button" onclick="cart.add('{{ product.product_id }}');"><i class="fa fa-shopping-cart"></i> <span class="hidden-xs hidden-sm hidden-md">{{ button_cart }}</span></button>
            ]]></search>
            <add position="replace"><![CDATA[
              {% if (quantityincrementdecrement_latest_status and quantityincrementdecrement_status)%}
              <button type="button" onclick="cart.add('{{ product.product_id }}', $(this).parent().parent().find('.input-number').val());"><i class="fa fa-shopping-cart"></i> <span class="hidden-xs hidden-sm hidden-md">{{button_cart}}</span></button>
              {% else %}
              <button type="button" onclick="cart.add('{{ product.product_id }}');"><i class="fa fa-shopping-cart"></i> <span class="hidden-xs hidden-sm hidden-md">{{button_cart}}</span></button>
              {% endif %}
              ]]></add>
        </operation>
    </file>
    <!-- letest modudle -->

    <!-- letest modudle -->
    <file path="catalog/controller/extension/module/special.php">
        <operation>
            <search><![CDATA[
            $data['products'] = array();
            ]]></search>
            <add position="before"><![CDATA[
              $data['quantityincrementdecrement_special_status']=$this->config->get('module_quantityincrementdecrement_special_status');
              $data['quantityincrementdecrement_status']=$this->config->get('module_quantityincrementdecrement_status');
              ]]></add>
        </operation>
    </file>

    <file path="catalog/view/theme/default/template/extension/module/special.twig">
        <operation>
            <search><![CDATA[
             {% endif %} </div>
            ]]></search>
            <add position="before"><![CDATA[
              {% if quantityincrementdecrement_special_status and quantityincrementdecrement_status %}
              <div class="input-group" style="margin-bottom:10px;">
                <span class="input-group-btn">
                  <button type="button" class="btn btn-default btn-number" data-type="minus" data-field="category" onclick="descrement($(this).parent().parent())")>
                    <span class="glyphicon glyphicon-minus"></span>
                    </button>
                 </span>
                 <input type="text" name="quantity" class="form-control input-number" id="category" value="1">
                <span class="input-group-btn">
                  <button type="button" class="btn btn-default btn-number" data-type="plus" data-field="category" onclick="increment($(this).parent().parent())">
                    <span class="glyphicon glyphicon-plus"></span>
                  </button>
                </span>
              </div>
              {% endif %}
              ]]></add>
        </operation>
        <operation>
            <search><![CDATA[
            <button type="button" onclick="cart.add('{{ product.product_id }}');"><i class="fa fa-shopping-cart"></i> <span class="hidden-xs hidden-sm hidden-md">{{ button_cart }}</span></button>
            ]]></search>
            <add position="replace"><![CDATA[
              {% if (quantityincrementdecrement_special_status and quantityincrementdecrement_status)%}
              <button type="button" onclick="cart.add('{{ product.product_id }}', $(this).parent().parent().find('.input-number').val());"><i class="fa fa-shopping-cart"></i> <span class="hidden-xs hidden-sm hidden-md">{{button_cart}}</span></button>
              {% else %}
              <button type="button" onclick="cart.add('{{ product.product_id }}');"><i class="fa fa-shopping-cart"></i> <span class="hidden-xs hidden-sm hidden-md">{{button_cart}}</span></button>
              {% endif %}
              ]]></add>
        </operation>
    </file>
    <!-- letest modudle -->

    <!-- bestseller modudle -->
    <file path="catalog/controller/extension/module/bestseller.php">
        <operation>
            <search><![CDATA[
            $data['products'] = array();
            ]]></search>
            <add position="before"><![CDATA[
              $data['quantityincrementdecrement_bestseller_status']=$this->config->get('module_quantityincrementdecrement_bestseller_status');
              $data['quantityincrementdecrement_status']=$this->config->get('module_quantityincrementdecrement_status');
              ]]></add>
        </operation>
    </file>

    <file path="catalog/view/theme/default/template/extension/module/bestseller.twig">
        <operation>
            <search index="4"><![CDATA[
            {% endif %}
            ]]></search>
            <add position="after"><![CDATA[
              {% if quantityincrementdecrement_bestseller_status and quantityincrementdecrement_status %}
              <div class="input-group" style="margin-bottom:10px;">
                <span class="input-group-btn">
                  <button type="button" class="btn btn-default btn-number" data-type="minus" data-field="category" onclick="descrement($(this).parent().parent())")>
                    <span class="glyphicon glyphicon-minus"></span>
                    </button>
                 </span>
                 <input type="text" name="quantity" class="form-control input-number" id="category" value="1">
                <span class="input-group-btn">
                  <button type="button" class="btn btn-default btn-number" data-type="plus" data-field="category" onclick="increment($(this).parent().parent())">
                    <span class="glyphicon glyphicon-plus"></span>
                  </button>
                </span>
              </div>
              {% endif %}
              ]]></add>
        </operation>
        <operation>
            <search><![CDATA[
            <button type="button" onclick="cart.add('{{ product.product_id }}');"><i class="fa fa-shopping-cart"></i> <span class="hidden-xs hidden-sm hidden-md">{{ button_cart }}</span></button>
            ]]></search>
            <add position="replace"><![CDATA[
              {% if quantityincrementdecrement_bestseller_status and quantityincrementdecrement_status %}
              <button type="button" onclick="cart.add('{{ product.product_id }}', $(this).parent().parent().find('.input-number').val());"><i class="fa fa-shopping-cart"></i> <span class="hidden-xs hidden-sm hidden-md">{{ button_cart }}</span></button>
              {% else %}
              <button type="button" onclick="cart.add('{{ product.product_id }}');"><i class="fa fa-shopping-cart"></i> <span class="hidden-xs hidden-sm hidden-md">{{ button_cart }}</span></button>
              {% endif %}
              ]]></add>
        </operation>
    </file>
    <!-- bestseller modudle -->

    <!-- category list -->
    <file path="catalog/controller/product/category.php">
        <operation>
            <search><![CDATA[
            $data['products'] = array();
            ]]></search>
            <add position="before"><![CDATA[
              $data['quantityincrementdecrement_category_status']=$this->config->get('module_quantityincrementdecrement_category_status');
              $data['quantityincrementdecrement_status']=$this->config->get('module_quantityincrementdecrement_status');
              ]]></add>
        </operation>
    </file>

    <file path="catalog/view/theme/default/template/product/category.twig">
        <operation>
            <search><![CDATA[
            {% if product.rating %}
            ]]></search>
            <add position="before"><![CDATA[
              {% if quantityincrementdecrement_category_status and quantityincrementdecrement_status %}
              <div class="input-group" style="margin-bottom:10px;">
                <span class="input-group-btn">
                  <button type="button" class="btn btn-default btn-number" data-type="minus" data-field="category" onclick="descrement($(this).parent().parent())")>
                    <span class="glyphicon glyphicon-minus"></span>
                    </button>
                 </span>
                 <input type="text" name="quantity" class="form-control input-number" id="category" value="1">
                <span class="input-group-btn">
                  <button type="button" class="btn btn-default btn-number" data-type="plus" data-field="category" onclick="increment($(this).parent().parent())">
                    <span class="glyphicon glyphicon-plus"></span>
                  </button>
                </span>
              </div>
              {% endif %}
              ]]></add>
        </operation>
        <operation>
            <search><![CDATA[
            <button type="button" onclick="cart.add('{{ product.product_id }}', '{{ product.minimum }}');"><i class="fa fa-shopping-cart"></i> <span class="hidden-xs hidden-sm hidden-md">{{ button_cart }}</span></button>
            ]]></search>
            <add position="replace"><![CDATA[
              {% if quantityincrementdecrement_category_status and quantityincrementdecrement_status %}
              <button type="button" onclick="cart.add('{{ product.product_id }}', $(this).parent().parent().find('.input-number').val());"><i class="fa fa-shopping-cart"></i> <span class="hidden-xs hidden-sm hidden-md">{{ button_cart }}</span></button>
              {% else %}
              <button type="button" onclick="cart.add('{{ product.product_id }}', '{{ product.minimum }}');"><i class="fa fa-shopping-cart"></i> <span class="hidden-xs hidden-sm hidden-md">{{ button_cart }}</span></button>
              {% endif %}
              ]]></add>
        </operation>
    </file>
    <!-- category list -->

    <!-- manufacture list -->
    <file path="catalog/controller/product/manufacturer.php">
        <operation>
            <search><![CDATA[
            $data['products'] = array();
            ]]></search>
            <add position="before"><![CDATA[
              $data['quantityincrementdecrement_manufactures_status']=$this->config->get('module_quantityincrementdecrement_manufactures_status');
              $data['quantityincrementdecrement_status']=$this->config->get('module_quantityincrementdecrement_status');
              ]]></add>
        </operation>
    </file>

    <file path="catalog/view/theme/default/template/product/manufacturer_info.twig">
        <operation>
            <search><![CDATA[
            {% if product.rating %}
            ]]></search>
            <add position="before"><![CDATA[
              {% if quantityincrementdecrement_manufactures_status and quantityincrementdecrement_status %}
              <div class="input-group" style="margin-bottom:10px;">
                <span class="input-group-btn">
                  <button type="button" class="btn btn-default btn-number" data-type="minus" data-field="category" onclick="descrement($(this).parent().parent())")>
                    <span class="glyphicon glyphicon-minus"></span>
                    </button>
                 </span>
                 <input type="text" name="quantity" class="form-control input-number" id="category" value="1">
                <span class="input-group-btn">
                  <button type="button" class="btn btn-default btn-number" data-type="plus" data-field="category" onclick="increment($(this).parent().parent())">
                    <span class="glyphicon glyphicon-plus"></span>
                  </button>
                </span>
              </div>
              {% endif %}
              ]]></add>
        </operation>
        <operation>
            <search><![CDATA[
            <button type="button" onclick="cart.add('{{ product.product_id }}', '{{ product.minimum }}');"><i class="fa fa-shopping-cart"></i> <span class="hidden-xs hidden-sm hidden-md">{{ button_cart }}</span></button>
            ]]></search>
            <add position="replace"><![CDATA[
              {% if quantityincrementdecrement_manufactures_status and quantityincrementdecrement_status %}
              <button type="button" onclick="cart.add('{{ product.product_id }}', $(this).parent().parent().find('.input-number').val());"><i class="fa fa-shopping-cart"></i> <span class="hidden-xs hidden-sm hidden-md">{{ button_cart }}</span></button>
              {% else %}
              <button type="button" onclick="cart.add('{{ product.product_id }}', '{{ product.minimum }}');"><i class="fa fa-shopping-cart"></i> <span class="hidden-xs hidden-sm hidden-md">{{ button_cart }}</span></button>
              {% endif %}
              ]]></add>
        </operation>
    </file>
    <!-- manufacture list -->

    <!-- product and related list -->
    <file path="catalog/controller/product/product.php">
        <operation>
            <search><![CDATA[
            $this->load->model('catalog/category');
            ]]></search>
            <add position="before"><![CDATA[
              $data['quantityincrementdecrement_product_status']=$this->config->get('module_quantityincrementdecrement_product_status');
              $data['quantityincrementdecrement_related_status']=$this->config->get('module_quantityincrementdecrement_related_status');
              $data['quantityincrementdecrement_status']=$this->config->get('module_quantityincrementdecrement_status');
              ]]></add>
        </operation>
    </file>

    <file path="catalog/view/theme/default/template/product/product.twig">
        <operation>
            <search><![CDATA[
            <input type="text" name="quantity" value="{{ minimum }}" size="2" id="input-quantity" class="form-control" />
            ]]></search>
            <add position="replace"><![CDATA[
              {% if quantityincrementdecrement_product_status and quantityincrementdecrement_status %}
              <div class="input-group" style="margin-bottom:10px;">
                <span class="input-group-btn">
                  <button type="button" class="btn btn-default btn-number" data-type="minus" data-field="category" onclick="descrement($(this).parent().parent())")>
                    <span class="glyphicon glyphicon-minus"></span>
                    </button>
                 </span>
                 <input type="text" name="quantity" class="form-control input-number" id="category" value="1">
                <span class="input-group-btn">
                  <button type="button" class="btn btn-default btn-number" data-type="plus" data-field="category" onclick="increment($(this).parent().parent())">
                    <span class="glyphicon glyphicon-plus"></span>
                  </button>
                </span>
              </div>
              {% else %}
              <input type="text" name="quantity" value="{{ minimum }}" size="2" id="input-quantity" class="form-control" />
              {% endif %}
              ]]></add>
        </operation>

        <operation>
            <search index="1"><![CDATA[
            {% endif %} </div>
            ]]></search>
            <add position="before"><![CDATA[

              {% if quantityincrementdecrement_related_status and quantityincrementdecrement_status %}
              <div class="input-group" style="margin-bottom:10px;">
                <span class="input-group-btn">
                  <button type="button" class="btn btn-default btn-number" data-type="minus" data-field="category" onclick="descrement($(this).parent().parent())")>
                    <span class="glyphicon glyphicon-minus"></span>
                    </button>
                 </span>
                 <input type="text" name="quantity" class="form-control input-number" id="category" value="1">
                <span class="input-group-btn">
                  <button type="button" class="btn btn-default btn-number" data-type="plus" data-field="category" onclick="increment($(this).parent().parent())">
                    <span class="glyphicon glyphicon-plus"></span>
                  </button>
                </span>
              </div>              
              {% endif %}
              ]]></add>
        </operation>

        <operation>
            <search><![CDATA[
            <button type="button" onclick="cart.add('{{ product.product_id }}', '{{ product.minimum }}');"><span class="hidden-xs hidden-sm hidden-md">{{ button_cart }}</span> <i class="fa fa-shopping-cart"></i></button>
            ]]></search>
            <add position="replace"><![CDATA[
              {% if quantityincrementdecrement_related_status and quantityincrementdecrement_status %}
              <button type="button" onclick="cart.add('{{ product.product_id }}', $(this).parent().parent().find('.input-number').val());"><i class="fa fa-shopping-cart"></i> <span class="hidden-xs hidden-sm hidden-md"><?php echo $button_cart; ?></span></button>
              {% else %}
              <button type="button" onclick="cart.add('{{ product.product_id }}', '{{ product.minimum }}');"><span class="hidden-xs hidden-sm hidden-md">{{ button_cart }}</span> <i class="fa fa-shopping-cart"></i></button>
              {% endif %}
              ]]></add>
        </operation>
    </file>
    <!-- product and related list -->
<!-- Search list -->
<file path="catalog/controller/product/search.php">
        <operation>
            <search><![CDATA[
            $data['products'] = array();
            ]]></search>
            <add position="before"><![CDATA[
              $data['quantityincrementdecrement_search_status']=$this->config->get('module_quantityincrementdecrement_search_status');
              $data['quantityincrementdecrement_status']=$this->config->get('module_quantityincrementdecrement_status');
              ]]></add>
        </operation>
    </file>

    <file path="catalog/view/theme/default/template/product/search.twig">
        <operation>
            <search><![CDATA[
            {% if product.rating %}
            ]]></search>
            <add position="before"><![CDATA[
              {% if quantityincrementdecrement_search_status and quantityincrementdecrement_status %}
              <div class="input-group" style="margin-bottom:10px;">
                <span class="input-group-btn">
                  <button type="button" class="btn btn-default btn-number" data-type="minus" data-field="category" onclick="descrement($(this).parent().parent())")>
                    <span class="glyphicon glyphicon-minus"></span>
                    </button>
                 </span>
                 <input type="text" name="quantity" class="form-control input-number" id="category" value="1">
                <span class="input-group-btn">
                  <button type="button" class="btn btn-default btn-number" data-type="plus" data-field="category" onclick="increment($(this).parent().parent())">
                    <span class="glyphicon glyphicon-plus"></span>
                  </button>
                </span>
              </div>
              {% endif %}
              ]]></add>
        </operation>
        <operation>
            <search><![CDATA[
            <button type="button" onclick="cart.add('{{ product.product_id }}', '{{ product.minimum }}');"><i class="fa fa-shopping-cart"></i> <span class="hidden-xs hidden-sm hidden-md">{{ button_cart }}</span></button>
            ]]></search>
            <add position="replace"><![CDATA[
              {% if quantityincrementdecrement_search_status and quantityincrementdecrement_status %}
              <button type="button" onclick="cart.add('{{ product.product_id }}', $(this).parent().parent().find('.input-number').val());"><i class="fa fa-shopping-cart"></i> <span class="hidden-xs hidden-sm hidden-md">{{ button_cart }}</span></button>
              {% else %}
              <button type="button" onclick="cart.add('{{ product.product_id }}', '{{ product.minimum }}');"><i class="fa fa-shopping-cart"></i> <span class="hidden-xs hidden-sm hidden-md">{{ button_cart }}</span></button>
              {% endif %}
              ]]></add>
        </operation>
    </file>
<!-- Search List -->
   
</modification>